id,medals,userName,UUID
null,"VONAMOR_CROSS,MEDAL_OF_CONQUEST,MEDAL_OF_SCALES,MEDAL_OF_CAMARADERIE",AscendedKitten,ec823dec-92ac-4c14-91fe-7951c7025c21
null,"VONAMOR_CROSS,MEDAL_OF_CONQUEST,MEDAL_OF_SCALES,MEDAL_OF_IMPERIAL_SERVICE,MEDAL_OF_CHARITY",Alex1,ec823dec-92ac-4c14-91fe-7951c7025c21
null,"VONAMOR_CROSS,MEDAL_OF_CONQUEST",Kvmilla,e346de35-439b-4cf3-b6c9-2e90bc6c1e94
null,"VONAMOR_CROSS,MEDAL_OF_CONQUEST",Zahr_,080eca8f-5397-4947-936d-af6aef6aacef
null,"VONAMOR_CROSS,MEDAL_OF_CONQUEST",Brutal_Murder,e3ccf501-1b36-40ba-871e-362ba9173aa4
null,"VONAMOR_CROSS,MEDAL_OF_CONQUEST,MEDAL_OF_SCALES,MEDAL_OF_CHARITY,MEDAL_OF_RECREATION",Bensky,f1e911ef-f02c-4935-b46d-ff8fde078c5a
null,"VONAMOR_CROSS,MEDAL_OF_CONQUEST",Ceciliya,2937deae-822a-46a8-96f3-2f2a6b2a5fe6
null,"VONAMOR_CROSS,MEDAL_OF_CONQUEST,MEDAL_OF_CAMARADERIE,MEDAL_OF_SAINT_LILIUM,MEDAL_OF_IMPERIAL_SERVICE",YunoFGasai,40d1669d-9c2b-45b1-87cf-58a8e62247c8
null,VONAMOR_CROSS,Rilen,e7c25d89-da76-4019-b745-f70ca7eb67f4
null,"VONAMOR_CROSS,MEDAL_OF_CONQUEST,MEDAL_OF_SAINT_LILIUM,MEDAL_OF_IMPERIAL_SERVICE",_Anbu_,c0e426f4-f704-4801-a52f-4a921df659be
null,"VONAMOR_CROSS,MEDAL_OF_OBURO,MEDAL_OF_IMPERIAL_SERVICE,MEDAL_OF_CHARITY,MEDAL_OF_RECREATION",le_mega_barbare,d8540b4f-8d91-4c75-9488-db07510b0fd1
null,"VONAMOR_CROSS,MEDAL_OF_SAINT_LILIUM,MEDAL_OF_OBURO,MEDAL_OF_IMPERIAL_SERVICE,MEDAL_OF_CAMARADERIE",ojomFox,33b6a693-db57-4b3f-b6df-d0772876994f
null,VONAMOR_CROSS,LoveLusting,63cfa49b-646c-4649-a329-bc155c828ff7
null,"VONAMOR_CROSS,MEDAL_OF_SCALES,MEDAL_OF_CAMARADERIE,MEDAL_OF_IMPERIAL_SERVICE,MEDAL_OF_CHARITY",Acrobit,e697e2f5-c5db-4e7d-a95d-6916943183f6
null,"VONAMOR_CROSS,MEDAL_OF_CONQUEST,MEDAL_OF_SCALES,MEDAL_OF_SAINT_LILIUM,MEDAL_OF_IMPERIAL_SERVICE,MEDAL_OF_CHARITY",HoneyBlu,c2949268-754c-44b4-b42f-42790757efe8
null,"MEDAL_OF_CONQUEST,MEDAL_OF_SCALES",photor320,d3e6eaca-8bee-44eb-821b-204a531dc66c
null,"MEDAL_OF_CONQUEST,MEDAL_OF_CHARITY",Sunglaso,99e5a774-d77a-46dd-b8b9-bcb7d2581e36
null,MEDAL_OF_SCALES,OptifineCaped,4a014591-7430-43c9-8604-edebe9979c51
null,"MEDAL_OF_CAMARADERIE,MEDAL_OF_SAINT_LILIUM,MEDAL_OF_IMPERIAL_SERVICE",ajdude9,0f4e4bfb-a79c-46bb-80f8-2b7cc712ab6b
null,"MEDAL_OF_CAMARADERIE,MEDAL_OF_IMPERIAL_SERVICE",Aucis,6994a515-7fcb-469d-b0d9-334cb1406ebc
null,"MEDAL_OF_CAMARADERIE,MEDAL_OF_OBURO,MEDAL_OF_IMPERIAL_SERVICE,MEDAL_OF_RECREATION",TundraWasTaken,073c8e55-0dea-4e28-8c74-d04ad24f278a
null,MEDAL_OF_CAMARADERIE,ArtificerEge,0590cfc7-d433-4b5c-8962-3438b68d5909
null,MEDAL_OF_CAMARADERIE,TNTmaster312,6c814be8-876f-4a52-9e4a-3f7e318e50c8
null,"MEDAL_OF_CAMARADERIE,MEDAL_OF_IMPERIAL_SERVICE",pgay,acf0e058-19de-4946-9d73-f8039ae9f867
null,"MEDAL_OF_CAMARADERIE,MEDAL_OF_RECREATION",Nathans_Cookie,4fc06ce7-ceed-40ed-bd09-15f292f352d1
null,"MEDAL_OF_CAMARADERIE,MEDAL_OF_IMPERIAL_SERVICE",HardBoiledEgg,9c988917-833b-4ad4-b47c-966c62216f2d
null,MEDAL_OF_SAINT_LILIUM,Scallysche,6ef5532f-6a52-45a8-b3b9-eb6f5c10f75b
null,"MEDAL_OF_SAINT_LILIUM,MEDAL_OF_IMPERIAL_SERVICE,MEDAL_OF_CHARITY",Grvphene,df4045f9-5d5c-4b19-a0bc-e633b7de627f
null,"MEDAL_OF_SAINT_LILIUM,MEDAL_OF_IMPERIAL_SERVICE",Victrix_Sexuris,d1efff03-b574-48b2-96a1-d380ef7db80e
null,MEDAL_OF_SAINT_LILIUM,Ractac,eec62f3f-026d-478b-857b-9864ea7811c6
null,MEDAL_OF_SAINT_LILIUM,Nattea,eb30c915-6fd9-44d4-a608-1fb178e1f45a
null,"MEDAL_OF_SAINT_LILIUM,MEDAL_OF_OBURO,MEDAL_OF_IMPERIAL_SERVICE,MEDAL_OF_RECREATION",_Ligua_,55756250-9d54-4dca-bcef-0f505731e9e8
null,"MEDAL_OF_SAINT_LILIUM,MEDAL_OF_IMPERIAL_SERVICE",AscendedRyu,eaa476c9-f7ef-41ba-adba-d00b5e893d3c
null,MEDAL_OF_SAINT_LILIUM,BunniiBear,0576c152-eb22-42da-bcc2-f8079e36fd84
null,MEDAL_OF_OBURO,Bliss_pls,ba87abae-a131-4ae8-8a1e-c54d4d6044ef
null,MEDAL_OF_OBURO,EkhoEcho,e79f3f27-2168-44dc-ae46-50522ec71ffb
null,MEDAL_OF_OBURO,Leonathan,483a98d9-0db5-4de2-8453-776ff7beb3f8
null,"MEDAL_OF_OBURO,MEDAL_OF_IMPERIAL_SERVICE",DarkLol666,d8f8d361-5d22-49ce-a4f0-ec66779d1cae
null,MEDAL_OF_IMPERIAL_SERVICE,Jeidoy,9e8c2fbf-8533-4885-b919-6180ab8917bb
null,MEDAL_OF_IMPERIAL_SERVICE,Bramblesthatcat,369af847-8071-4a21-a996-ee8c306307d5
null,MEDAL_OF_IMPERIAL_SERVICE,SonikS,46567a41-752c-4c84-84ba-02fc738ec60f
null,MEDAL_OF_IMPERIAL_SERVICE,Anime_,5d74428a-c9e0-437e-889c-e5d05f0b3eb7
null,MEDAL_OF_IMPERIAL_SERVICE,Blazo,608ead25-23d3-44e5-b222-990e164f52dc
null,MEDAL_OF_IMPERIAL_SERVICE,Everston,ab7dba64-fa0e-4d2b-860e-9a5fd0967008
null,MEDAL_OF_IMPERIAL_SERVICE,DarkestDread,acadbe62-36df-4032-af1d-b3b38aa7a7cf
null,MEDAL_OF_IMPERIAL_SERVICE,Bear_Force,51a66751-6137-47c5-b7fe-573480544610
null,MEDAL_OF_IMPERIAL_SERVICE,Jalapeno9,0f33cf8e-0a0d-4463-a51d-bf64dffbd9f4
null,MEDAL_OF_IMPERIAL_SERVICE,_Silver_Star_,cc70719b-6dfa-4a2d-b4a3-56f86fce52b7
null,MEDAL_OF_IMPERIAL_SERVICE,Maximi777,c57822e8-aac1-467d-bdbc-17612568a28d
null,MEDAL_OF_IMPERIAL_SERVICE,DragonIsPro,35aaf876-ff9f-4682-9be0-acc5a666b218
null,MEDAL_OF_IMPERIAL_SERVICE,Corruptplex,126c84dd-f9f0-473c-8a26-01ed5b9cf820
null,MEDAL_OF_IMPERIAL_SERVICE,WatchingAnime,13d256e2-3e0d-4419-931e-f75c94d0384b
null,MEDAL_OF_IMPERIAL_SERVICE,Wonderbat,430d3a6c-e03a-431a-ac6f-4e30405a0a8b
null,MEDAL_OF_IMPERIAL_SERVICE,MidnightOpera,d97b6805-56f2-44d9-9741-8a352f05a941
null,MEDAL_OF_IMPERIAL_SERVICE,Oroshu,9ff2386b-9c8e-4621-bfa5-24b43c8ed981
null,MEDAL_OF_IMPERIAL_SERVICE,XenoChi,a10a0c8f-a526-4b2c-9f50-84a6238e9e68
null,MEDAL_OF_IMPERIAL_SERVICE,Wizars2000,172b9c20-3dc2-4a61-b62e-ec327872b4d6
null,MEDAL_OF_IMPERIAL_SERVICE,EpicCajunGamer,98a00d23-f0d2-4ee8-b4a7-d15e18499320
null,"MEDAL_OF_IMPERIAL_SERVICE,MEDAL_OF_RECREATION",Aldorei,4ee15ee6-7252-4de4-b291-89ca015ae253
null,MEDAL_OF_CHARITY,Switchie,5eceb163-f41f-407c-92fc-df1b28c72244
null,MEDAL_OF_CHARITY,Endermen_king,abfc4b1b-0584-45ef-a6fa-0a15184f9ef5
null,MEDAL_OF_CHARITY,NoLifeZombie,41942252-2cca-40c4-841b-a17fe305ae6d
null,MEDAL_OF_CHARITY,Homruh,7e55246a-0354-4d2b-8224-0147210bf642
null,MEDAL_OF_CHARITY,Kanekatsu,8e22961e-c067-4b0b-95b6-cd56e448cecf
null,MEDAL_OF_CHARITY,Lyfjaberg,084363c5-d926-47fd-b11c-f6f222b88bbf
null,MEDAL_OF_CHARITY,Leprosyyy,525d48db-8baa-49b3-89ed-fe9f85faa73a
null,MEDAL_OF_CHARITY,Arnos_sama,e8b4db7d-7051-47aa-a19b-36a24c3f69ea
null,MEDAL_OF_CHARITY,Smilyyy,583bc980-f1a3-438f-88f6-170d2b66b6e5
null,MEDAL_OF_CHARITY,SurfaceIntegral,335a21b0-4f12-425f-8b04-9967784539da
null,MEDAL_OF_CHARITY,Tooooooool,cb1f52b9-344e-4532-808d-3390e33a789a
null,MEDAL_OF_CHARITY,Irony,2be76b2a-486d-491c-9b83-208d42ab7c8e
null,MEDAL_OF_RECREATION,GrizzlyPanda,cdb1450f-cbba-4414-935c-74578d3680ea
