id,medals,uuid,discord
null,"VONAMOR_CROSS,MEDAL_OF_CONQUEST,MEDAL_OF_SCALES,MEDAL_OF_CAMARADERIE",81683560-8f07-49d3-a682-35f2e6bc6c0d,173049154933751808
null,"VONAMOR_CROSS,MEDAL_OF_CONQUEST,MEDAL_OF_SCALES,MEDAL_OF_IMPERIAL_SERVICE,MEDAL_OF_CHARITY",0a6ba3c7-d0ec-415e-a3fc-7c664528efe1,671753027786375199
null,"VONAMOR_CROSS,MEDAL_OF_CONQUEST",e346de35-439b-4cf3-b6c9-2e90bc6c1e94,154261300719910912
null,"VONAMOR_CROSS,MEDAL_OF_CONQUEST",080eca8f-5397-4947-936d-af6aef6aacef,null
null,"VONAMOR_CROSS,MEDAL_OF_CONQUEST",e3ccf501-1b36-40ba-871e-362ba9173aa4,null
null,"VONAMOR_CROSS,MEDAL_OF_CONQUEST,MEDAL_OF_SCALES,MEDAL_OF_CHARITY,MEDAL_OF_RECREATION",f1e911ef-f02c-4935-b46d-ff8fde078c5a,157214234067992576
null,"VONAMOR_CROSS,MEDAL_OF_CONQUEST",2937deae-822a-46a8-96f3-2f2a6b2a5fe6,null
null,"VONAMOR_CROSS,MEDAL_OF_CONQUEST,MEDAL_OF_CAMARADERIE,MEDAL_OF_SAINT_LILIUM,MEDAL_OF_IMPERIAL_SERVICE",40d1669d-9c2b-45b1-87cf-58a8e62247c8,157217322069786624
null,"VONAMOR_CROSS",e7c25d89-da76-4019-b745-f70ca7eb67f4,188701761920434177
null,"VONAMOR_CROSS,MEDAL_OF_CONQUEST,MEDAL_OF_SAINT_LILIUM,MEDAL_OF_IMPERIAL_SERVICE",c0e426f4-f704-4801-a52f-4a921df659be,188728130406580225
null,"VONAMOR_CROSS,MEDAL_OF_OBURO,MEDAL_OF_IMPERIAL_SERVICE,MEDAL_OF_CHARITY,MEDAL_OF_RECREATION",d8540b4f-8d91-4c75-9488-db07510b0fd1,157214392151179264
null,"VONAMOR_CROSS,MEDAL_OF_SAINT_LILIUM,MEDAL_OF_OBURO,MEDAL_OF_IMPERIAL_SERVICE,MEDAL_OF_CAMARADERIE",33b6a693-db57-4b3f-b6df-d0772876994f,null
null,"VONAMOR_CROSS",63cfa49b-646c-4649-a329-bc155c828ff7,198564480756482049
null,"VONAMOR_CROSS,MEDAL_OF_SCALES,MEDAL_OF_CAMARADERIE,MEDAL_OF_IMPERIAL_SERVICE,MEDAL_OF_CHARITY",e697e2f5-c5db-4e7d-a95d-6916943183f6,241222533838274572
null,"VONAMOR_CROSS,MEDAL_OF_CONQUEST,MEDAL_OF_SCALES,MEDAL_OF_SAINT_LILIUM,MEDAL_OF_IMPERIAL_SERVICE,MEDAL_OF_CHARITY",c2949268-754c-44b4-b42f-42790757efe8,252863663847768067
null,"MEDAL_OF_CONQUEST,MEDAL_OF_SCALES",d3e6eaca-8bee-44eb-821b-204a531dc66c,394295495842988033
null,"MEDAL_OF_CONQUEST,MEDAL_OF_CHARITY",99e5a774-d77a-46dd-b8b9-bcb7d2581e36,280111388322562049
null,"MEDAL_OF_SCALES",4a014591-7430-43c9-8604-edebe9979c51,null
null,"MEDAL_OF_CAMARADERIE,MEDAL_OF_SAINT_LILIUM,MEDAL_OF_IMPERIAL_SERVICE",0f4e4bfb-a79c-46bb-80f8-2b7cc712ab6b,188742992964616203
null,"MEDAL_OF_CAMARADERIE,MEDAL_OF_IMPERIAL_SERVICE",6994a515-7fcb-469d-b0d9-334cb1406ebc,302402003860979712
null,"MEDAL_OF_CAMARADERIE,MEDAL_OF_OBURO,MEDAL_OF_IMPERIAL_SERVICE,MEDAL_OF_RECREATION",073c8e55-0dea-4e28-8c74-d04ad24f278a,201360101666324480
null,"MEDAL_OF_CAMARADERIE",0590cfc7-d433-4b5c-8962-3438b68d5909,null
null,"MEDAL_OF_CAMARADERIE",6c814be8-876f-4a52-9e4a-3f7e318e50c8,null
null,"MEDAL_OF_CAMARADERIE,MEDAL_OF_IMPERIAL_SERVICE",acf0e058-19de-4946-9d73-f8039ae9f867,null
null,"MEDAL_OF_CAMARADERIE,MEDAL_OF_RECREATION",4fc06ce7-ceed-40ed-bd09-15f292f352d1,186685647573090305
null,"MEDAL_OF_CAMARADERIE,MEDAL_OF_IMPERIAL_SERVICE",9c988917-833b-4ad4-b47c-966c62216f2d,98910655465160704
null,"MEDAL_OF_SAINT_LILIUM",6ef5532f-6a52-45a8-b3b9-eb6f5c10f75b,157913443913957376
null,"MEDAL_OF_SAINT_LILIUM,MEDAL_OF_IMPERIAL_SERVICE,MEDAL_OF_CHARITY",df4045f9-5d5c-4b19-a0bc-e633b7de627f,157171025447092224
null,"MEDAL_OF_SAINT_LILIUM,MEDAL_OF_IMPERIAL_SERVICE",d1efff03-b574-48b2-96a1-d380ef7db80e,221724126283300870
null,"MEDAL_OF_SAINT_LILIUM",eec62f3f-026d-478b-857b-9864ea7811c6,218041863209222144
null,"MEDAL_OF_SAINT_LILIUM",eb30c915-6fd9-44d4-a608-1fb178e1f45a,188710186574151681
null,"MEDAL_OF_SAINT_LILIUM,MEDAL_OF_OBURO,MEDAL_OF_IMPERIAL_SERVICE,MEDAL_OF_RECREATION",55756250-9d54-4dca-bcef-0f505731e9e8,207882553669976064
null,"MEDAL_OF_SAINT_LILIUM,MEDAL_OF_IMPERIAL_SERVICE",eaa476c9-f7ef-41ba-adba-d00b5e893d3c,456054574977908749
null,"MEDAL_OF_SAINT_LILIUM",0576c152-eb22-42da-bcc2-f8079e36fd84,null
null,"MEDAL_OF_OBURO",ba87abae-a131-4ae8-8a1e-c54d4d6044ef,null
null,"MEDAL_OF_OBURO",e79f3f27-2168-44dc-ae46-50522ec71ffb,null
null,"MEDAL_OF_OBURO",483a98d9-0db5-4de2-8453-776ff7beb3f8,null
null,"MEDAL_OF_OBURO,MEDAL_OF_IMPERIAL_SERVICE",d8f8d361-5d22-49ce-a4f0-ec66779d1cae,289740548678352896
null,"MEDAL_OF_IMPERIAL_SERVICE",9e8c2fbf-8533-4885-b919-6180ab8917bb,null
null,"MEDAL_OF_IMPERIAL_SERVICE",369af847-8071-4a21-a996-ee8c306307d5,452249772003295265
null,"MEDAL_OF_IMPERIAL_SERVICE",46567a41-752c-4c84-84ba-02fc738ec60f,null
null,"MEDAL_OF_IMPERIAL_SERVICE",5d74428a-c9e0-437e-889c-e5d05f0b3eb7,261184082984173568
null,"MEDAL_OF_IMPERIAL_SERVICE",608ead25-23d3-44e5-b222-990e164f52dc,null
null,"MEDAL_OF_IMPERIAL_SERVICE",ab7dba64-fa0e-4d2b-860e-9a5fd0967008,427124862012751894
null,"MEDAL_OF_IMPERIAL_SERVICE",acadbe62-36df-4032-af1d-b3b38aa7a7cf,442789413332975617
null,"MEDAL_OF_IMPERIAL_SERVICE",51a66751-6137-47c5-b7fe-573480544610,294955345950801921
null,"MEDAL_OF_IMPERIAL_SERVICE",0f33cf8e-0a0d-4463-a51d-bf64dffbd9f4,161893929485074432
null,"MEDAL_OF_IMPERIAL_SERVICE",cc70719b-6dfa-4a2d-b4a3-56f86fce52b7,null
null,"MEDAL_OF_IMPERIAL_SERVICE",c57822e8-aac1-467d-bdbc-17612568a28d,273521149835608064
null,"MEDAL_OF_IMPERIAL_SERVICE",35aaf876-ff9f-4682-9be0-acc5a666b218,159468990756945920
null,"MEDAL_OF_IMPERIAL_SERVICE",126c84dd-f9f0-473c-8a26-01ed5b9cf820,284911991124918272
null,"MEDAL_OF_IMPERIAL_SERVICE",13d256e2-3e0d-4419-931e-f75c94d0384b,null
null,"MEDAL_OF_IMPERIAL_SERVICE",430d3a6c-e03a-431a-ac6f-4e30405a0a8b,524751513852182528
null,"MEDAL_OF_IMPERIAL_SERVICE",d97b6805-56f2-44d9-9741-8a352f05a941,247108259905929216
null,"MEDAL_OF_IMPERIAL_SERVICE",9ff2386b-9c8e-4621-bfa5-24b43c8ed981,272813510155698176
null,"MEDAL_OF_IMPERIAL_SERVICE",a10a0c8f-a526-4b2c-9f50-84a6238e9e68,117199346277023748
null,"MEDAL_OF_IMPERIAL_SERVICE",172b9c20-3dc2-4a61-b62e-ec327872b4d6,449503542638542858
null,"MEDAL_OF_IMPERIAL_SERVICE",98a00d23-f0d2-4ee8-b4a7-d15e18499320,409151867881521152
null,"MEDAL_OF_IMPERIAL_SERVICE,MEDAL_OF_RECREATION",4ee15ee6-7252-4de4-b291-89ca015ae253,438719026563252225
null,"MEDAL_OF_CHARITY",5eceb163-f41f-407c-92fc-df1b28c72244,null
null,"MEDAL_OF_CHARITY",abfc4b1b-0584-45ef-a6fa-0a15184f9ef5,388301234991398912
null,"MEDAL_OF_CHARITY",41942252-2cca-40c4-841b-a17fe305ae6d,232157698831941642
null,"MEDAL_OF_CHARITY",7e55246a-0354-4d2b-8224-0147210bf642,null
null,"MEDAL_OF_CHARITY",8e22961e-c067-4b0b-95b6-cd56e448cecf,null
null,"MEDAL_OF_CHARITY",084363c5-d926-47fd-b11c-f6f222b88bbf,null
null,"MEDAL_OF_CHARITY",525d48db-8baa-49b3-89ed-fe9f85faa73a,316679140814356481
null,"MEDAL_OF_CHARITY",e8b4db7d-7051-47aa-a19b-36a24c3f69ea,null
null,"MEDAL_OF_CHARITY",583bc980-f1a3-438f-88f6-170d2b66b6e5,265548221349232651
null,"MEDAL_OF_CHARITY",335a21b0-4f12-425f-8b04-9967784539da,705309083867152418
null,"MEDAL_OF_CHARITY",cb1f52b9-344e-4532-808d-3390e33a789a,150813343412649984
null,"MEDAL_OF_CHARITY",2be76b2a-486d-491c-9b83-208d42ab7c8e,186959121797480448
null,"MEDAL_OF_RECREATION",cdb1450f-cbba-4414-935c-74578d3680ea,null
